first_name,last_name,email
Lois,Burkart,lburkart0@nyu.edu
Tremaine,Ablewhite,tablewhite1@wisc.edu
Leonanie,Trembey,ltrembey2@com.com
Amalita,Cote,acote3@wikipedia.org
Kaleb,Allery,kallery4@un.org
Camellia,Brayford,cbrayford5@issuu.com
Keslie,Brunon,kbrunon6@fema.gov
Britt,Aleksankin,baleksankin7@umn.edu
Robbin,Maggill'Andreis,rmaggillandreis8@addthis.com
Netty,Conachy,nconachy9@ucla.edu
Brucie,Mordue,bmorduea@php.net
Winifield,Ive,wiveb@google.com.au
Boris,Ferreres,bferreresc@simplemachines.org
Kaleb,Mendonca,kmendoncad@bloglovin.com
Madelaine,Everingham,meveringhame@irs.gov
Chere,Bendelow,cbendelowf@nature.com
Perry,Tennick,ptennickg@indiatimes.com
Elisa,Le Barr,elebarrh@youtu.be
Jacenta,Symones,jsymonesi@123-reg.co.uk
Shanon,Nast,snastj@google.it
Malanie,Tookill,mtookillk@diigo.com
Vidovic,Woodcock,vwoodcockl@123-reg.co.uk
Mirabel,McAlinden,mmcalindenm@state.gov
Yuma,Rugieri,yrugierin@e-recht24.de
Elicia,Brandes,ebrandeso@surveymonkey.com
Bernardo,Davidov,bdavidovp@icio.us
Haily,Oliff,holiffq@digg.com
Sandi,Mintram,smintramr@wikispaces.com
Urbanus,Beavon,ubeavons@google.com
Ulberto,Sellman,usellmant@shop-pro.jp
Anabella,Rosgen,arosgenu@creativecommons.org
Fae,Defty,fdeftyv@yellowbook.com
Damien,Brearty,dbreartyw@macromedia.com
Seth,Taberer,stabererx@cmu.edu
Dottie,Bassham,dbasshamy@xrea.com
Nevil,Hanby,nhanbyz@tinyurl.com
Jaine,Cousans,jcousans10@columbia.edu
Hagan,Gyngell,hgyngell11@taobao.com
Claudio,Pillinger,cpillinger12@stumbleupon.com
Avis,Denniss,adenniss13@sohu.com
Xena,Schult,xschult14@geocities.com
Theodoric,Tolumello,ttolumello15@prweb.com
Chloris,Solan,csolan16@bizjournals.com
Arther,Pentelo,apentelo17@merriam-webster.com
Joleen,Christoffersen,jchristoffersen18@wordpress.com
Candy,Carmichael,ccarmichael19@quantcast.com
Inna,Debrick,idebrick1a@blogs.com
Mabel,Duprey,mduprey1b@infoseek.co.jp
Dorolice,Flukes,dflukes1c@elegantthemes.com
Gregorius,Chinnick,gchinnick1d@t-online.de
Pieter,Langtree,plangtree1e@dot.gov
Terra,Peyro,tpeyro1f@ted.com
Davida,Kennard,dkennard1g@house.gov
Zolly,Renals,zrenals1h@smugmug.com
Amalea,Bisiker,abisiker1i@dailymail.co.uk
Ado,McParlin,amcparlin1j@51.la
Alex,Absalom,aabsalom1k@a8.net
Larry,McDunlevy,lmcdunlevy1l@statcounter.com
Maurise,Rowett,mrowett1m@ow.ly
Miles,Carwithen,mcarwithen1n@youtu.be
Pauletta,Tuma,ptuma1o@vkontakte.ru
Doloritas,Fulkes,dfulkes1p@mysql.com
Boycie,Deason,bdeason1q@alibaba.com
Eadmund,Shine,eshine1r@amazon.com
Paolina,Jerram,pjerram1s@privacy.gov.au
Rosmunda,Freyne,rfreyne1t@ox.ac.uk
Elita,Nickerson,enickerson1u@ycombinator.com
Gradey,Middas,gmiddas1v@sun.com
Gabriela,Lassetter,glassetter1w@soundcloud.com
Simonette,Simeonov,ssimeonov1x@zimbio.com
Philip,Mynett,pmynett1y@netscape.com
Auberon,Klemencic,aklemencic1z@angelfire.com
Genvieve,Roberds,groberds20@quantcast.com
Mae,Murrock,mmurrock21@flickr.com
Roxy,Mitchley,rmitchley22@seesaa.net
Charmion,Dwane,cdwane23@plala.or.jp
Casie,Creffield,ccreffield24@prlog.org
Cybill,Metcalf,cmetcalf25@360.cn
Sissie,Casebourne,scasebourne26@github.com
Sandi,Marquez,smarquez27@blogs.com
Lydon,Scare,lscare28@google.pl
Cathrine,Sackett,csackett29@wisc.edu
Brandice,Crone,bcrone2a@tripod.com
Jacki,Semmence,jsemmence2b@miitbeian.gov.cn
Farrah,Frankiss,ffrankiss2c@sphinn.com
Sheila-kathryn,Ludman,sludman2d@baidu.com
Alicea,Bellsham,abellsham2e@aol.com
Berrie,Vossing,bvossing2f@hostgator.com
Nike,Upcraft,nupcraft2g@weather.com
Oliviero,Foad,ofoad2h@seattletimes.com
Rivkah,Hiscocks,rhiscocks2i@amazon.co.uk
Eydie,Ducarne,educarne2j@mozilla.org
Petey,Dodshun,pdodshun2k@feedburner.com
Simonne,Zmitruk,szmitruk2l@mac.com
Joan,Kaliszewski,jkaliszewski2m@phoca.cz
Hannah,Tumilty,htumilty2n@i2i.jp
Jan,McCrann,jmccrann2o@yellowbook.com
Ines,Gwynn,igwynn2p@abc.net.au
Hailee,Bolstridge,hbolstridge2q@oracle.com
Ruthy,Itscowicz,ritscowicz2r@free.fr
Sigmund,Fosserd,sfosserd2s@linkedin.com
Herminia,Cunney,hcunney2t@nba.com
Brewer,Geer,bgeer2u@sohu.com
Devina,Hobell,dhobell2v@blogspot.com
Francyne,Sawter,fsawter2w@sciencedaily.com
Mathe,Westoff,mwestoff2x@moonfruit.com
Bale,Fransinelli,bfransinelli2y@mayoclinic.com
Frasco,Ashborn,fashborn2z@storify.com
Quintin,Pennycook,qpennycook30@hexun.com
Obed,Myrtle,omyrtle31@java.com
Gene,Steljes,gsteljes32@pagesperso-orange.fr
Gregg,Chaikovski,gchaikovski33@ibm.com
Royal,Mattimoe,rmattimoe34@istockphoto.com
Reggi,Staynes,rstaynes35@freewebs.com
Sanson,Loxley,sloxley36@t.co
Gillie,Bruntje,gbruntje37@delicious.com
Kesley,Artinstall,kartinstall38@bigcartel.com
Kathe,Andriveaux,kandriveaux39@ameblo.jp
Neda,Traill,ntraill3a@hc360.com
Evanne,Suttle,esuttle3b@blogs.com
Bendick,Geekin,bgeekin3c@nba.com
Vernen,Fain,vfain3d@zimbio.com
Virginie,Leghorn,vleghorn3e@java.com
Cicily,Newnham,cnewnham3f@businessinsider.com
Irv,Ivashnyov,iivashnyov3g@networksolutions.com
Rosco,Mayes,rmayes3h@prnewswire.com
Carmine,Saffer,csaffer3i@ocn.ne.jp
Helena,Cudd,hcudd3j@oracle.com
Lennie,Dalyell,ldalyell3k@mail.ru
Brett,Friberg,bfriberg3l@instagram.com
Edith,Adne,eadne3m@youtu.be
Terrie,Corkel,tcorkel3n@reddit.com
Skylar,Nunnery,snunnery3o@yolasite.com
Jaquenetta,Blazevic,jblazevic3p@bloglovin.com
Reeta,Stroyan,rstroyan3q@amazon.co.uk
Sydney,Blaxlande,sblaxlande3r@oakley.com
Franny,Zapatero,fzapatero3s@privacy.gov.au
Stanly,Endle,sendle3t@example.com
Madge,Bernt,mbernt3u@flavors.me
Starla,Scrimshire,sscrimshire3v@jugem.jp
Guinna,MacAskill,gmacaskill3w@aol.com
Karena,Forsdicke,kforsdicke3x@nsw.gov.au
Blake,Lenoir,blenoir3y@plala.or.jp
Philly,Lillford,plillford3z@digg.com
Evyn,Veld,eveld40@hostgator.com
Elberta,St. Quentin,estquentin41@list-manage.com
Friedrich,McColley,fmccolley42@infoseek.co.jp
Lorant,Caldecot,lcaldecot43@hexun.com
Bertine,Goudge,bgoudge44@indiatimes.com
Cherice,Eyam,ceyam45@ovh.net
Joshia,Trimnell,jtrimnell46@myspace.com
Zabrina,Sutty,zsutty47@va.gov
Riordan,Munby,rmunby48@yelp.com
Vinni,Caffin,vcaffin49@devhub.com
Teriann,Szymanowski,tszymanowski4a@accuweather.com
Minta,Dust,mdust4b@tripadvisor.com
Adah,Dewi,adewi4c@icq.com
Marguerite,Le Fevre,mlefevre4d@oaic.gov.au
Tabbitha,Hacon,thacon4e@unblog.fr
Renado,McCrone,rmccrone4f@unesco.org
Mitchael,Muris,mmuris4g@dropbox.com
Harriette,Mulheron,hmulheron4h@mapy.cz
Yancy,O'Flaherty,yoflaherty4i@businesswire.com
Cecilia,Rebbeck,crebbeck4j@symantec.com
Tarrah,Oldacres,toldacres4k@japanpost.jp
Eula,Yeates,eyeates4l@berkeley.edu
Anna-maria,Allsopp,aallsopp4m@tiny.cc
Marlee,Thornley,mthornley4n@un.org
Abramo,Basnett,abasnett4o@google.nl
Shelden,Commin,scommin4p@army.mil
Dorree,Gomme,dgomme4q@cdbaby.com
Ailee,Stillmann,astillmann4r@mapy.cz
Bordy,Beddo,bbeddo4s@bbb.org
Torry,Gilyott,tgilyott4t@tuttocitta.it
Leonore,Olrenshaw,lolrenshaw4u@epa.gov
Pansy,Dray,pdray4v@ocn.ne.jp
Lorry,Jory,ljory4w@creativecommons.org
Lizette,Keeting,lkeeting4x@cbslocal.com
Arley,Darlington,adarlington4y@tamu.edu
Sharyl,Filler,sfiller4z@dell.com
Thor,Brannan,tbrannan50@pcworld.com
Rochella,Applegate,rapplegate51@mozilla.org
Sonia,Barnhart,sbarnhart52@scientificamerican.com
Cart,Gleed,cgleed53@domainmarket.com
Charity,M'Quhan,cmquhan54@dropbox.com
Nicholle,Haith,nhaith55@yahoo.com
Minor,Summerlie,msummerlie56@bloomberg.com
Benedict,Garside,bgarside57@privacy.gov.au
Hamil,Ramirez,hramirez58@tmall.com
Cloe,Whilder,cwhilder59@biblegateway.com
Hyacinth,McQuilliam,hmcquilliam5a@prnewswire.com
Melisa,Jacob,mjacob5b@unc.edu
Gerry,Filov,gfilov5c@msu.edu
Junina,Spinage,jspinage5d@delicious.com
Rafe,Sisson,rsisson5e@elpais.com
Ernest,Hollingby,ehollingby5f@sourceforge.net
Janifer,Pinare,jpinare5g@yellowbook.com
Barnard,Chessell,bchessell5h@guardian.co.uk
Feodora,Fenna,ffenna5i@bizjournals.com
Mellisent,Placido,mplacido5j@ask.com
Letta,Barme,lbarme5k@drupal.org
Nicolette,Craske,ncraske5l@ca.gov
Michaela,Matthewman,mmatthewman5m@1und1.de
Maisie,Vsanelli,mvsanelli5n@pinterest.com
Tiffany,Bellerby,tbellerby5o@ask.com
Stormy,Sweedy,ssweedy5p@shop-pro.jp
Gan,Blethyn,gblethyn5q@devhub.com
Amos,Orr,aorr5r@guardian.co.uk
Alvy,Tither,atither5s@jiathis.com
Walton,Ryton,wryton5t@fda.gov
Gregoire,Sworn,gsworn5u@google.cn
Korella,Gianneschi,kgianneschi5v@friendfeed.com
Zachary,Carolan,zcarolan5w@nytimes.com
Petronille,Trustey,ptrustey5x@hostgator.com
Lulita,Gooderridge,lgooderridge5y@ask.com
Tallie,Steventon,tsteventon5z@soup.io
Romola,Wraith,rwraith60@narod.ru
Moss,Yepiskov,myepiskov61@weibo.com
Ludovico,Atger,latger62@oaic.gov.au
Tabitha,Bembrigg,tbembrigg63@mtv.com
Hallsy,Clem,hclem64@twitpic.com
Andree,Swannie,aswannie65@seesaa.net
Gui,Pawelczyk,gpawelczyk66@biblegateway.com
Constance,Peaseman,cpeaseman67@cornell.edu
Jacinthe,Aldins,jaldins68@istockphoto.com
Alene,Lobell,alobell69@delicious.com
Sigmund,Beasleigh,sbeasleigh6a@creativecommons.org
Allene,Branton,abranton6b@cisco.com
Cleopatra,Durker,cdurker6c@slashdot.org
Adam,Easen,aeasen6d@imgur.com
Lolita,Faraker,lfaraker6e@oracle.com
Oliviero,Brittlebank,obrittlebank6f@china.com.cn
Mureil,Fawcus,mfawcus6g@exblog.jp
Harriet,Osbourne,hosbourne6h@dropbox.com
Benita,Ell,bell6i@edublogs.org
Zonnya,Mougel,zmougel6j@parallels.com
Hamel,Hollingby,hhollingby6k@foxnews.com
Em,Gurdon,egurdon6l@shinystat.com
Ogdan,Lavarack,olavarack6m@oakley.com
Algernon,Fitchew,afitchew6n@wunderground.com
Lisa,Angeli,langeli6o@washington.edu
Morty,MacFadin,mmacfadin6p@miitbeian.gov.cn
Vincenz,Hubback,vhubback6q@webs.com
Trudie,Sneath,tsneath6r@discovery.com
Nickolai,Cumberledge,ncumberledge6s@twitter.com
Molly,Vader,mvader6t@prlog.org
Evelyn,Scranney,escranney6u@mediafire.com
Darrell,Antrim,dantrim6v@t-online.de
Matthaeus,Eastbrook,meastbrook6w@cbsnews.com
Oona,Cescot,ocescot6x@nbcnews.com
Wyatan,Joseff,wjoseff6y@bandcamp.com
Stevena,Purslow,spurslow6z@fda.gov
Keefe,Mouse,kmouse70@forbes.com
Orion,Payze,opayze71@forbes.com
Naomi,Clousley,nclousley72@twitpic.com
Jillayne,Mayer,jmayer73@ycombinator.com
Valenka,Ormesher,vormesher74@princeton.edu
Corbet,Doncaster,cdoncaster75@a8.net
Evaleen,Pessler,epessler76@slideshare.net
Shanna,Bevans,sbevans77@amazon.co.uk
Yvette,Upfold,yupfold78@indiatimes.com
Lou,Polin,lpolin79@blogger.com
Merv,Adamiec,madamiec7a@blog.com
Filippo,McSaul,fmcsaul7b@state.tx.us
Fayette,Eynaud,feynaud7c@addthis.com
Romola,Duffield,rduffield7d@eventbrite.com
Bethena,Vanyutin,bvanyutin7e@china.com.cn
Abe,Soonhouse,asoonhouse7f@wsj.com
Lori,Caren,lcaren7g@ted.com
Nate,Kitchingham,nkitchingham7h@ft.com
Zebulon,O'Beirne,zobeirne7i@nps.gov
Marcella,Cutford,mcutford7j@nasa.gov
Gerik,Domino,gdomino7k@qq.com
Fraser,Spensley,fspensley7l@indiegogo.com
Vitia,Birchill,vbirchill7m@parallels.com
Briny,Weathey,bweathey7n@zimbio.com
Olive,Clench,oclench7o@independent.co.uk
Davidde,Kemitt,dkemitt7p@mediafire.com
Tabbi,Rapier,trapier7q@tmall.com
Joy,Lavin,jlavin7r@dion.ne.jp
Rad,Dundendale,rdundendale7s@businesswire.com
Bunni,Drinkel,bdrinkel7t@devhub.com
Alasteir,Hethron,ahethron7u@github.io
Nick,Insworth,ninsworth7v@marriott.com
Baxie,Stowell,bstowell7w@amazonaws.com
Kerwinn,Gumby,kgumby7x@eepurl.com
Lambert,Ballister,lballister7y@go.com
Amie,Le feaver,alefeaver7z@intel.com
Karilynn,Kurdani,kkurdani80@taobao.com
Chickie,O'Hollegan,cohollegan81@wikia.com
Dynah,Healks,dhealks82@vistaprint.com
Cthrine,Hilary,chilary83@irs.gov
Svend,Isard,sisard84@indiatimes.com
Hannis,Hessle,hhessle85@ftc.gov
Denni,Martensen,dmartensen86@indiatimes.com
Ruthann,Marrion,rmarrion87@merriam-webster.com
Abbe,Leicester,aleicester88@artisteer.com
Clemmie,Smitham,csmitham89@shutterfly.com
Marcellina,Boutellier,mboutellier8a@spiegel.de
Flossi,Balshen,fbalshen8b@feedburner.com
Marlane,Von Brook,mvonbrook8c@ovh.net
Trevor,Mundee,tmundee8d@cbslocal.com
Jan,Ibanez,jibanez8e@photobucket.com
Francois,Dumberrill,fdumberrill8f@guardian.co.uk
Constantina,Endricci,cendricci8g@xinhuanet.com
Reilly,Naseby,rnaseby8h@pinterest.com
Rosalynd,Roseaman,rroseaman8i@amazon.co.jp
Rasla,Ellerman,rellerman8j@booking.com
Rhianna,Murrhaupt,rmurrhaupt8k@theguardian.com
Nesta,Calbrathe,ncalbrathe8l@clickbank.net
Janela,Lucks,jlucks8m@163.com
Barrie,Birchett,bbirchett8n@unesco.org
Rori,Haughey,rhaughey8o@latimes.com
Shalna,Amer,samer8p@tripadvisor.com
Cullie,Reimer,creimer8q@opera.com
Brigit,Vale,bvale8r@sciencedaily.com
Carly,Fricke,cfricke8s@ebay.com
Chickie,Huzzey,chuzzey8t@netscape.com
Cheslie,Glendining,cglendining8u@disqus.com
Karen,Barstowk,kbarstowk8v@loc.gov
Marley,Simper,msimper8w@51.la
Parke,Thorby,pthorby8x@skyrock.com
Kevan,O'Fallon,kofallon8y@hibu.com
Mina,De Zamudio,mdezamudio8z@state.tx.us
Northrop,Rigglesford,nrigglesford90@photobucket.com
Shelli,McCheyne,smccheyne91@nature.com
Stephanus,Johansson,sjohansson92@behance.net
Kelly,Pepys,kpepys93@cornell.edu
Bale,Elcy,belcy94@rediff.com
Ediva,Streat,estreat95@networkadvertising.org
Riccardo,Cockerell,rcockerell96@typepad.com
Katerine,MacKay,kmackay97@sciencedirect.com
Lexine,Benallack,lbenallack98@people.com.cn
Theodoric,Hollyar,thollyar99@51.la
Luelle,Baudinot,lbaudinot9a@mysql.com
Eimile,Dryburgh,edryburgh9b@wired.com
Jodi,L'Episcopio,jlepiscopio9c@twitpic.com
Brew,Songest,bsongest9d@tripadvisor.com
Delmor,Iannazzi,diannazzi9e@google.com.br
Stormie,de Courcy,sdecourcy9f@technorati.com
Manon,Fold,mfold9g@google.es
Charline,Sweetnam,csweetnam9h@qq.com
Andris,Heilds,aheilds9i@infoseek.co.jp
Neille,Boyle,nboyle9j@digg.com
Christal,Laurance,claurance9k@elegantthemes.com
Ganny,Finlayson,gfinlayson9l@blogs.com
Nicoline,Cotes,ncotes9m@mac.com
Maridel,Lally,mlally9n@clickbank.net
Pansy,Heustice,pheustice9o@unc.edu
Kristan,Tudgay,ktudgay9p@cocolog-nifty.com
Fin,Turpie,fturpie9q@xing.com
Paulina,Vel,pvel9r@hao123.com
Arvin,Shreeves,ashreeves9s@samsung.com
Fair,Mulderrig,fmulderrig9t@tuttocitta.it
Frank,Bernaert,fbernaert9u@indiatimes.com
Gayle,Tredwell,gtredwell9v@irs.gov
Ira,Phlipon,iphlipon9w@sogou.com
Joel,Maud,jmaud9x@eventbrite.com
Cybill,Kegan,ckegan9y@weebly.com
Yehudit,Finders,yfinders9z@java.com
Gayle,Emnoney,gemnoneya0@wordpress.org
Davon,McCarly,dmccarlya1@exblog.jp
Phip,Gutcher,pgutchera2@1und1.de
Elonore,Beagles,ebeaglesa3@youtu.be
Vonnie,Loiterton,vloitertona4@wikispaces.com
Wade,Werrit,wwerrita5@columbia.edu
Noll,Sancto,nsanctoa6@php.net
Elisha,Milesap,emilesapa7@hugedomains.com
Nichol,Elion,neliona8@people.com.cn
Katlin,Hearsum,khearsuma9@csmonitor.com
Francoise,Oolahan,foolahanaa@wikimedia.org
Gigi,Bergen,gbergenab@dyndns.org
Barrett,Franzewitch,bfranzewitchac@imgur.com
Munroe,Andress,mandressad@163.com
Dorelia,Ashbridge,dashbridgeae@jiathis.com
Marti,Arnot,marnotaf@mit.edu
Perceval,Luipold,pluipoldag@abc.net.au
Harwilll,Yaknov,hyaknovah@jugem.jp
Brigitta,Reading,breadingai@technorati.com
Ewell,Diggles,edigglesaj@sciencedirect.com
Edmund,Plaskitt,eplaskittak@artisteer.com
Wheeler,Grimsditch,wgrimsditchal@edublogs.org
Brendan,Brayshaw,bbrayshawam@themeforest.net
Jesse,Hayller,jhaylleran@hibu.com
Boothe,Brownell,bbrownellao@w3.org
Hollyanne,Fido,hfidoap@sciencedaily.com
Mata,Mannakee,mmannakeeaq@facebook.com
Harman,Pirnie,hpirniear@fema.gov
Marris,Plitz,mplitzas@senate.gov
Larisa,Kelloway,lkellowayat@zdnet.com
Josy,Jakab,jjakabau@mysql.com
Beckie,McGlashan,bmcglashanav@mozilla.org
Tania,Gittose,tgittoseaw@slashdot.org
Heriberto,Nowlan,hnowlanax@dailymotion.com
Nanette,Lowson,nlowsonay@vkontakte.ru
Chere,Masterson,cmastersonaz@wordpress.com
Wood,Lowre,wlowreb0@sina.com.cn
Ilyse,Allan,iallanb1@w3.org
Marketa,Lydster,mlydsterb2@wiley.com
Farra,Liddy,fliddyb3@flickr.com
Fifine,Levings,flevingsb4@abc.net.au
Clary,Dutton,cduttonb5@tripod.com
Melanie,Potteril,mpotterilb6@t.co
Jedediah,Duiguid,jduiguidb7@rediff.com
Fanchon,Trunkfield,ftrunkfieldb8@surveymonkey.com
Caspar,Long,clongb9@apple.com
Dallis,Matthai,dmatthaiba@kickstarter.com
Cathryn,Durrans,cdurransbb@xinhuanet.com
Marwin,Everingham,meveringhambc@cnbc.com
Ulrika,Vause,uvausebd@blog.com
Rea,Shepland,rsheplandbe@harvard.edu
Dorothy,Feldhammer,dfeldhammerbf@howstuffworks.com
Kora,Giacomello,kgiacomellobg@addtoany.com
Katharine,Okenfold,kokenfoldbh@cdbaby.com
Leyla,Labrow,llabrowbi@infoseek.co.jp
Darlene,Hatterslay,dhatterslaybj@tumblr.com
Lemmie,Looney,llooneybk@dion.ne.jp
Land,Gabbat,lgabbatbl@yolasite.com
Philis,Richly,prichlybm@foxnews.com
Archibold,Bensen,abensenbn@blogspot.com
Gerta,Laverenz,glaverenzbo@cargocollective.com
Alvin,Mottram,amottrambp@japanpost.jp
Brunhilda,Poff,bpoffbq@dot.gov
Gypsy,Wasmer,gwasmerbr@yelp.com
Mateo,Wooder,mwooderbs@unc.edu
Cesya,Jesson,cjessonbt@de.vu
Courtenay,Breslin,cbreslinbu@google.de
Obediah,Farrah,ofarrahbv@seattletimes.com
Darlleen,Lapere,dlaperebw@furl.net
Melantha,Samper,msamperbx@wired.com
Christabel,Crofts,ccroftsby@newsvine.com
Freddy,Rosenberg,frosenbergbz@tmall.com
Jeanie,Desantis,jdesantisc0@harvard.edu
Marie-jeanne,Meikle,mmeiklec1@statcounter.com
Estell,Michell,emichellc2@biblegateway.com
Peyter,Beyer,pbeyerc3@reference.com
Mufinella,McKim,mmckimc4@patch.com
Lindi,Menere,lmenerec5@deliciousdays.com
Andriana,Rosewall,arosewallc6@accuweather.com
Luella,Coverly,lcoverlyc7@nps.gov
Starlin,McQueen,smcqueenc8@businessweek.com
Sidoney,Gillyett,sgillyettc9@apache.org
Merrile,Kidner,mkidnerca@ovh.net
Joye,Mangan,jmangancb@cpanel.net
Madge,Lembcke,mlembckecc@google.es
Jorge,Skechley,jskechleycd@mac.com
Della,Shillabeer,dshillabeerce@reuters.com
Alberta,Holstein,aholsteincf@trellian.com
Dexter,Pinnegar,dpinnegarcg@addtoany.com
Betta,Dan,bdanch@dell.com
Jeannie,Martelet,jmarteletci@accuweather.com
Fin,Witheridge,fwitheridgecj@nps.gov
Roshelle,Arenson,rarensonck@myspace.com
Etienne,Dibner,edibnercl@bing.com
Karoly,McKevitt,kmckevittcm@i2i.jp
Laina,Grattage,lgrattagecn@surveymonkey.com
Enid,Kliement,ekliementco@homestead.com
Madel,Searchfield,msearchfieldcp@blogger.com
Joyous,Deevey,jdeeveycq@dedecms.com
Teddie,Levay,tlevaycr@wikipedia.org
Lindsy,Annis,lanniscs@nymag.com
Ralf,Tutt,rtuttct@wired.com
Rik,Jolley,rjolleycu@sfgate.com
Morganica,Cardinal,mcardinalcv@seesaa.net
Maxie,Burgess,mburgesscw@123-reg.co.uk
Nichols,Lente,nlentecx@artisteer.com
Myranda,Rollett,mrollettcy@huffingtonpost.com
Brice,Heale,bhealecz@phpbb.com
Demetre,Tellenbrook,dtellenbrookd0@zdnet.com
Iris,Dicte,idicted1@goodreads.com
Artur,Shurville,ashurvilled2@skyrock.com
Abe,Hallatt,ahallattd3@psu.edu
Vasili,Goodrum,vgoodrumd4@google.ru
Lorry,Goulder,lgoulderd5@cisco.com
Logan,Walcher,lwalcherd6@posterous.com
Caryn,Binnall,cbinnalld7@wikispaces.com
Jenica,Ethridge,jethridged8@over-blog.com
Federico,Olivello,folivellod9@vk.com
Amalle,Ridsdell,aridsdellda@xing.com
Mady,Tenant,mtenantdb@soup.io
Verina,Boon,vboondc@facebook.com
Gayelord,McNess,gmcnessdd@netscape.com
Derek,Note,dnotede@nbcnews.com
Tobit,Hatherley,thatherleydf@latimes.com
Claude,Blazewski,cblazewskidg@wordpress.org
Fanchon,Staries,fstariesdh@diigo.com
Carrie,De Michetti,cdemichettidi@myspace.com
Waring,Othen,wothendj@ox.ac.uk
Lionello,Gowing,lgowingdk@bing.com
Gib,Balmadier,gbalmadierdl@cargocollective.com
Adella,Gwinnett,agwinnettdm@pbs.org
Collin,Pedro,cpedrodn@acquirethisname.com
Keen,Suller,ksullerdo@oakley.com
Teodoor,Ensley,tensleydp@japanpost.jp
Addie,Dack,adackdq@wordpress.org
Elwin,Steventon,esteventondr@squidoo.com
Holmes,Finding,hfindingds@xinhuanet.com
Kalil,Persitt,kpersittdt@usnews.com
Derron,Petri,dpetridu@edublogs.org
Maribel,Benedidick,mbenedidickdv@hibu.com
Rasla,Danelutti,rdaneluttidw@tamu.edu
Nikoletta,Loxton,nloxtondx@google.es
Karissa,Biggin,kbiggindy@biblegateway.com
Ernaline,Sutton,esuttondz@com.com
Feliks,Ferre,fferree0@bizjournals.com
Dwain,Sidebotham,dsidebothame1@intel.com
Lela,Lineker,llinekere2@blogs.com
Guthrie,Gamble,ggamblee3@toplist.cz
Bret,Jose,bjosee4@stumbleupon.com
Tuck,Balassi,tbalassie5@github.com
Teddy,Willshee,twillsheee6@techcrunch.com
Freddie,Martinovsky,fmartinovskye7@nsw.gov.au
Lenard,Kittles,lkittlese8@buzzfeed.com
Tiphany,Daltrey,tdaltreye9@scribd.com
Verina,Wynes,vwynesea@archive.org
Kahlil,Celez,kcelezeb@cpanel.net
Sydney,Kirkby,skirkbyec@nbcnews.com
Olivero,Nealey,onealeyed@xing.com
Gigi,Battey,gbatteyee@mlb.com
Roscoe,Reddick,rreddickef@alibaba.com
Robert,Node,rnodeeg@ustream.tv
Balduin,Brinkman,bbrinkmaneh@live.com
Joshua,Olcot,jolcotei@mayoclinic.com
Lorelle,Mahaddy,lmahaddyej@macromedia.com
Tamas,Barok,tbarokek@baidu.com
Julieta,Dudderidge,jdudderidgeel@adobe.com
Greta,Darville,gdarvilleem@paginegialle.it
Alan,Lumbly,alumblyen@merriam-webster.com
Shanan,Purvis,spurviseo@usda.gov
Berk,Haughey,bhaugheyep@shutterfly.com
Arv,Botly,abotlyeq@icio.us
Nicoli,Bendle,nbendleer@buzzfeed.com
Kaitlynn,Bromfield,kbromfieldes@jiathis.com
Leanna,Liddle,lliddleet@blogtalkradio.com
Chelsea,Walkling,cwalklingeu@wiley.com
Mair,Boarleyson,mboarleysonev@vk.com
Burr,Brezlaw,bbrezlawew@thetimes.co.uk
Cortie,Delph,cdelphex@forbes.com
Chrisy,Crolly,ccrollyey@paypal.com
Deirdre,Routh,drouthez@merriam-webster.com
Lalo,Ferandez,lferandezf0@independent.co.uk
Alic,de'-Ancy Willis,adeancywillisf1@ftc.gov
Cheslie,Shrigley,cshrigleyf2@elegantthemes.com
Alecia,Mackison,amackisonf3@simplemachines.org
Leon,Wickins,lwickinsf4@yahoo.co.jp
Charlena,Sappy,csappyf5@edublogs.org
Ailene,Ledington,aledingtonf6@sourceforge.net
Tabbie,Goodoune,tgoodounef7@washington.edu
Petronia,Houchen,phouchenf8@alexa.com
Sandi,Calleja,scallejaf9@washington.edu
Diahann,McKnish,dmcknishfa@e-recht24.de
Herta,Mogey,hmogeyfb@intel.com
Daune,Oloman,dolomanfc@goodreads.com
Seamus,Bernardelli,sbernardellifd@over-blog.com
Daryl,Narey,dnareyfe@utexas.edu
Avictor,Buxcy,abuxcyff@sciencedirect.com
Demetri,Laker,dlakerfg@godaddy.com
Loretta,Snazle,lsnazlefh@flavors.me
Dacey,Jacobs,djacobsfi@craigslist.org
Piotr,Parnall,pparnallfj@buzzfeed.com
Janka,Duinkerk,jduinkerkfk@irs.gov
Vitoria,De la Zenne,vdelazennefl@storify.com
Reinaldo,Delgado,rdelgadofm@fc2.com
Logan,Leele,lleelefn@list-manage.com
Ebony,Charville,echarvillefo@newsvine.com
Jillian,Gartery,jgarteryfp@nsw.gov.au
Tye,Belverstone,tbelverstonefq@hostgator.com
Forrest,Maith,fmaithfr@nationalgeographic.com
Guillemette,Skevington,gskevingtonfs@answers.com
Herta,Coggles,hcogglesft@xing.com
Reg,Mulryan,rmulryanfu@ebay.co.uk
Clyve,Saywell,csaywellfv@symantec.com
Siobhan,Bauduccio,sbauducciofw@woothemes.com
Marysa,Haeslier,mhaeslierfx@macromedia.com
Brook,Vasic,bvasicfy@tripadvisor.com
Harlene,Thewys,hthewysfz@amazon.co.jp
Alex,Josilowski,ajosilowskig0@tripod.com
Parke,Vondrys,pvondrysg1@ca.gov
Marilin,Buick,mbuickg2@uiuc.edu
Gifford,Shaefer,gshaeferg3@soundcloud.com
Sosanna,Pietrowski,spietrowskig4@multiply.com
Arluene,Casellas,acasellasg5@cnn.com
Chet,Alastair,calastairg6@yahoo.co.jp
Chandal,Beveridge,cbeveridgeg7@dell.com
Lory,Stark,lstarkg8@marriott.com
Else,Brandreth,ebrandrethg9@wikimedia.org
Welby,Stubs,wstubsga@sohu.com
Johannah,Williamson,jwilliamsongb@shareasale.com
Julius,Alesbrook,jalesbrookgc@goo.gl
Corney,Ofer,cofergd@cam.ac.uk
Carree,Gambles,cgamblesge@webnode.com
Bob,Whitefoot,bwhitefootgf@smugmug.com
Levi,Herrieven,lherrievengg@technorati.com
Clayton,Metts,cmettsgh@posterous.com
Corrie,Probart,cprobartgi@uiuc.edu
Hewitt,Domenget,hdomengetgj@mapquest.com
Rheba,Kennermann,rkennermanngk@illinois.edu
Theadora,Sackur,tsackurgl@hc360.com
Faydra,Gridon,fgridongm@pcworld.com
Clarey,Redrup,credrupgn@blinklist.com
